<assembly
        xmlns="http://maven.apache.org/plugins/maven-assembly-plugin/assembly/1.1.2"
        xmlns:xsi="http://www.w3.org/2001/XMLSchema-instance"
        xsi:schemaLocation="http://maven.apache.org/plugins/maven-assembly-plugin/assembly/1.1.2 http://maven.apache.org/xsd/assembly-1.1.2.xsd">

    <id>nodeable-analytics</id>
    <formats>
        <format>zip</format>
    </formats>
    <fileSets>
        <fileSet>
            <outputDirectory>/</outputDirectory>
            <directory>target/generated-resources/appassembler/jsw/nodeable-analytics</directory>
        </fileSet>

        <!-- Total hack to create an empty directory in the assembly  for logs-->
        <fileSet>
            <directory>src/main/resources</directory>
            <outputDirectory>/logs</outputDirectory>
            <directoryMode>0755</directoryMode>
            <excludes>
                <exclude>*</exclude>
            </excludes>
        </fileSet>
    </fileSets>
    <files>
        <file>
            <source>README</source>
            <outputDirectory>/</outputDirectory>
        </file>
    </files>
</assembly>
